Date,Open,High,Low,Close,Volume
05/18/2016,"6,209","6,230","6,125","6,193","1,988"
05/19/2016,"6,162","6,186","5,852","6,092","2,191"
05/20/2016,"6,092","6,168","5,900","5,975","2,250"
05/23/2016,"6,025","6,041","5,933","5,954","1,181"
05/24/2016,"5,985","6,076","5,801","6,012","2,639"
05/25/2016,"6,034","6,160","6,030","6,128","2,505"
05/26/2016,"6,116","6,160","5,960","6,115","3,254"
05/27/2016,"6,165","6,240","6,131","6,170","3,045"
05/30/2016,"6,184","6,343","6,184","6,286","3,469"
05/31/2016,"6,255","6,346","6,026","6,099","2,588"
06-01-2016,"6,125","6,422","6,125","6,353","6,533"
06-02-2016,"6,336","6,399","6,280","6,314","2,183"
06-03-2016,"6,329","6,371","6,250","6,279","1,774"
06-06-2016,"6,295","6,700","6,200","6,459","4,092"
06-07-2016,"6,540","6,690","6,391","6,450","7,354"
06-08-2016,"6,450","6,535","6,396","6,475","2,148"
06-09-2016,"6,450","6,535","6,390","6,444","1,942"
06-10-2016,"6,431","6,600","6,430","6,532","2,338"
06/13/2016,"6,500","6,565","6,465","6,529","2,984"
06/14/2016,"6,538","6,599","6,511","6,585","2,028"
06/15/2016,"6,551","6,585","6,460","6,483","3,774"
06/16/2016,"6,513","6,552","6,467","6,495","2,005"
06/17/2016,"6,524","6,550","6,440","6,462",798
06/20/2016,"6,462","6,594","6,429","6,518","2,934"
06/21/2016,"6,548","6,590","6,490","6,522","2,535"
06/22/2016,"6,535","6,555","6,460","6,490","1,400"
06/23/2016,"6,515","6,525","6,403","6,429","1,101"
06/24/2016,"6,366","6,514","6,226","6,478","7,420"
06/27/2016,"6,447","6,532","6,425","6,445","1,068"
06/28/2016,"6,495","6,498","6,433","6,457",689
06/29/2016,"6,450","6,493","6,436","6,444","1,423"
06/30/2016,"6,444","6,541","6,444","6,489","1,956"
07-01-2016,"6,527","6,534","6,470","6,507","1,879"
07-04-2016,"6,500","6,551","6,491","6,521",997
07-05-2016,"6,488","6,549","6,488","6,532",385
07-07-2016,"6,515","6,570","6,498","6,509",746
07-08-2016,"6,509","6,509","6,400","6,420","2,891"
07-11-2016,"6,432","6,499","6,414","6,483","8,225"
07-12-2016,"6,504","6,504","6,420","6,423",872
07/13/2016,"6,475","6,595","6,475","6,582","16,666"
07/14/2016,"6,575","6,599","6,536","6,551","7,835"
07/15/2016,"6,560","6,655","6,560","6,629","2,565"
07/18/2016,"6,611","6,660","6,583","6,597","1,420"
07/19/2016,"6,595","6,660","6,588","6,635",918
07/20/2016,"6,634","6,675","6,634","6,660","2,326"
07/21/2016,"6,666","6,875","6,582","6,834","4,123"
07/22/2016,"6,838","7,124","6,830","7,068","7,043"
07/25/2016,"7,070","7,155","7,000","7,106","2,203"
07/26/2016,"7,110","7,205","7,067","7,141","1,853"
07/27/2016,"7,150","7,150","7,030","7,053","1,483"
07/28/2016,"7,070","7,285","7,070","7,223","3,365"
07/29/2016,"7,226","7,390","7,025","7,166","6,877"
08-01-2016,"7,166","7,230","6,877","6,947","5,858"
08-02-2016,"6,994","7,099","6,803","6,832","2,670"
08-03-2016,"6,835","6,969","6,758","6,808","2,719"
08-04-2016,"6,809","6,900","6,747","6,787","2,029"
08-05-2016,"6,899","6,899","6,811","6,819","1,123"
08-08-2016,"6,855","6,895","6,750","6,852","1,712"
08-09-2016,"6,883","6,899","6,802","6,870","2,378"
08-10-2016,"6,895","6,920","6,766","6,811","1,850"
08-11-2016,"6,857","6,870","6,782","6,828",590
08-12-2016,"6,829","6,958","6,819","6,865","3,208"
08/16/2016,"6,865","6,866","6,725","6,772","1,305"
08/17/2016,"6,785","6,806","6,681","6,711","1,554"
08/18/2016,"6,756","6,770","6,680","6,700","1,494"
08/19/2016,"6,701","6,761","6,701","6,723",808
08/22/2016,"6,720","6,800","6,705","6,797",662
08/23/2016,"6,801","6,850","6,660","6,808","1,796"
08/24/2016,"6,743","6,869","6,743","6,825","2,768"
08/25/2016,"6,835","6,845","6,815","6,831",878
08/26/2016,"6,836","6,860","6,807","6,822",898
08/29/2016,"6,843","6,843","6,736","6,778","1,627"
08/30/2016,"6,778","6,789","6,671","6,705","5,361"
08/31/2016,"6,705","6,739","6,490","6,560","7,158"
09-01-2016,"6,543","6,705","6,480","6,504","2,470"
09-02-2016,"6,515","6,526","6,436","6,449","2,506"
09-06-2016,"6,470","6,590","6,441","6,569","2,172"
09-07-2016,"6,569","6,569","6,455","6,479","1,869"
09-08-2016,"6,500","6,500","6,401","6,427","2,512"
09-09-2016,"6,445","6,530","6,417","6,507","1,866"
09-12-2016,"6,507","6,507","6,402","6,435","1,330"
09/14/2016,"6,440","6,485","6,200","6,302","7,104"
09/15/2016,"6,302","6,345","6,255","6,296","2,507"
09/16/2016,"6,305","6,465","6,305","6,416","2,091"
09/19/2016,"6,411","6,447","6,301","6,333","2,480"
09/20/2016,"6,390","6,390","6,318","6,334","1,316"
09/21/2016,"6,341","6,350","6,278","6,322","2,241"
09/22/2016,"6,329","6,525","6,329","6,486","2,644"
09/23/2016,"6,486","6,537","6,333","6,457","2,314"
09/26/2016,"6,500","6,522","6,401","6,505","1,693"
09/27/2016,"6,475","6,510","6,431","6,487","1,180"
09/28/2016,"6,499","6,499","6,428","6,450","1,241"
09/29/2016,"6,475","6,499","6,226","6,336","2,885"
09/30/2016,"6,370","6,480","6,317","6,428","1,603"
10-03-2016,"6,479","6,630","6,457","6,597","3,103"
10-04-2016,"6,600","6,690","6,588","6,650","3,339"
10-05-2016,"6,685","6,788","6,617","6,758","2,344"
10-06-2016,"6,758","6,820","6,665","6,710","3,485"
10-07-2016,"6,720","6,740","6,600","6,719","1,315"
10-10-2016,"6,729","6,750","6,604","6,631","1,226"
10/13/2016,"6,631","6,631","6,525","6,540","3,108"
10/14/2016,"6,564","6,890","6,500","6,859","9,386"
10/17/2016,"6,870","6,870","6,720","6,772","2,728"
10/18/2016,"6,768","6,864","6,700","6,825","5,748"
10/19/2016,"6,830","6,860","6,736","6,787","1,674"
10/20/2016,"6,787","6,900","6,745","6,835","6,855"
10/21/2016,"6,793","6,892","6,790","6,853","1,520"
10/24/2016,"6,875","6,875","6,810","6,848","1,393"
10/25/2016,"6,820","6,835","6,761","6,783",997
10/26/2016,"6,783","6,839","6,746","6,822","1,526"
10/27/2016,"6,799","6,986","6,757","6,925","3,657"
10/28/2016,"6,915","6,990","6,861","6,961","2,041"
11-01-2016,"6,943","6,968","6,750","6,786","2,402"
11-02-2016,"6,786","6,812","6,683","6,749","3,310"
11-03-2016,"6,749","6,789","6,651","6,712","3,319"
11-04-2016,"6,727","6,777","6,621","6,637","2,156"
11-07-2016,"6,654","6,713","6,410","6,527","4,727"
11-08-2016,"6,528","6,528","6,410","6,451","1,718"
11-09-2016,"6,350","6,450","5,701","6,398","4,961"
11-10-2016,"6,470","6,526","6,398","6,429","1,444"
11-11-2016,"6,429","6,429","6,170","6,270","3,304"
11/15/2016,"6,300","6,300","5,946","5,980","3,317"
11/16/2016,"6,076","6,100","5,930","5,978","22,884"
11/17/2016,"6,015","6,015","5,934","5,958","1,572"
11/18/2016,"5,980","5,980","5,860","5,892","2,605"
11/21/2016,"5,920","5,940","5,838","5,855","1,220"
11/22/2016,"5,919","5,959","5,864","5,893","1,449"
11/23/2016,"5,893","5,992","5,893","5,963","1,618"
11/24/2016,"5,924","6,222","5,903","6,139","2,355"
11/25/2016,"6,164","6,199","6,120","6,160",957
11/28/2016,"6,226","6,310","6,132","6,291","4,439"
11/29/2016,"6,295","6,500","6,240","6,271","2,863"
11/30/2016,"6,320","6,401","6,200","6,257","2,745"
12-01-2016,"6,314","6,330","6,200","6,281","2,681"
12-02-2016,"6,281","6,281","6,211","6,238","1,302"
12-05-2016,"6,213","6,350","6,144","6,249","1,288"
12-06-2016,"6,248","6,290","6,218","6,264","12,658"
12-07-2016,"6,264","6,313","6,260","6,293",374
12-08-2016,"6,310","6,362","6,251","6,319","1,743"
12-09-2016,"6,339","6,389","6,275","6,369","1,882"
12-12-2016,"6,350","6,363","6,280","6,324","1,899"
12/13/2016,"6,313","6,338","6,288","6,327",248
12/14/2016,"6,345","6,353","6,200","6,236",823
12/15/2016,"6,200","6,262","6,150","6,167",976
12/16/2016,"6,167","6,229","5,954","6,079","2,238"
12/19/2016,"6,099","6,099","5,985","6,019","1,472"
12/20/2016,"6,019","6,038","5,904","5,934","1,904"
12/21/2016,"5,920","5,947","5,840","5,857","2,268"
12/22/2016,"5,850","5,850","5,755","5,772","2,925"
12/23/2016,"5,752","5,938","5,752","5,827","1,516"
12/26/2016,"5,775","5,850","5,750","5,827",779
12/27/2016,"5,824","5,899","5,788","5,886","1,560"
12/28/2016,"5,898","5,929","5,865","5,885",907
12/29/2016,"5,880","6,018","5,880","5,967","1,489"
12/30/2016,"5,969","6,040","5,969","6,030",711
01-02-2017,"6,030","6,083","5,956","5,993","63,593"
01-03-2017,"6,000","6,082","5,990","6,054",936
01-04-2017,"6,001","6,050","5,800","5,893","9,422"
01-05-2017,"6,040","6,040","5,850","5,909","1,588"
01-06-2017,"5,925","5,955","5,879","5,905","3,614"
01-09-2017,"5,905","5,975","5,862","5,888","17,954"
01-10-2017,"5,940","5,940","5,839","5,875","5,656"
01-11-2017,"5,940","5,940","5,875","5,903","93,913"
01-12-2017,"5,915","5,925","5,830","5,846","3,100"
01/13/2017,"5,880","5,922","5,873","5,907","1,154"
01/16/2017,"5,920","5,920","5,800","5,898","1,028"
01/17/2017,"5,898","5,915","5,851","5,883","1,229"
01/18/2017,"5,885","5,939","5,860","5,903","1,593"
01/19/2017,"5,902","5,940","5,880","5,896","5,564"
01/20/2017,"5,898","5,917","5,875","5,891","1,834"
01/23/2017,"5,907","5,935","5,880","5,903","1,848"
01/24/2017,"5,901","5,999","5,890","5,962","1,233"
01/25/2017,"5,968","6,023","5,941","5,968","2,786"
01/27/2017,"5,970","6,009","5,870","5,921","4,246"
01/30/2017,"5,980","5,984","5,886","5,900","4,778"
01/31/2017,"5,900","5,950","5,830","5,842","2,966"
02-01-2017,"5,843","5,926","5,843","5,909","18,006"
02-02-2017,"5,918","6,035","5,880","6,006","2,268"
02-03-2017,"6,006","6,122","5,991","6,079","2,970"
02-06-2017,"6,090","6,324","6,080","6,283","5,568"
02-07-2017,"6,300","6,333","6,110","6,155","5,197"
02-08-2017,"6,175","6,274","6,110","6,169","1,112"
02-09-2017,"6,171","6,210","6,111","6,176","6,534"
02-10-2017,"6,200","6,200","6,100","6,161",994
02/13/2017,"6,160","6,210","6,160","6,181","2,135"
02/14/2017,"6,180","6,218","6,133","6,210","2,216"
02/15/2017,"6,209","6,253","6,163","6,174","3,494"
02/16/2017,"6,106","6,225","5,957","6,194","3,806"
02/17/2017,"6,199","6,267","6,121","6,254","2,468"
02/20/2017,"6,272","6,280","6,161","6,267","1,638"
02/21/2017,"6,287","6,420","6,260","6,354","4,126"
02/22/2017,"6,361","6,409","6,323","6,396","2,169"
02/23/2017,"6,374","6,414","6,325","6,367","3,479"
02/27/2017,"6,370","6,400","6,336","6,358","3,340"
02/28/2017,"6,375","6,375","6,245","6,255","4,141"
03-01-2017,"6,255","6,286","6,216","6,232",856
03-02-2017,"6,294","6,294","6,150","6,182",843
03-03-2017,"6,185","6,204","6,150","6,175",477
03-06-2017,"6,188","6,293","6,169","6,272","1,503"
03-07-2017,"6,274","6,379","6,192","6,303","3,273"
03-08-2017,"6,300","6,342","6,269","6,329","2,196"
03-09-2017,"6,335","6,350","6,175","6,209","5,442"
03-10-2017,"6,238","6,299","6,137","6,144","12,805"
03/14/2017,"6,212","6,239","6,101","6,114","5,087"
03/15/2017,"6,129","6,188","6,085","6,106","1,605"
03/16/2017,"6,107","6,150","6,099","6,135","5,021"
03/17/2017,"6,149","6,230","6,117","6,205","3,687"
03/20/2017,"6,249","6,301","6,200","6,296","4,820"
03/21/2017,"6,284","6,344","6,255","6,333","5,531"
03/22/2017,"6,271","6,349","6,260","6,335","2,821"
03/23/2017,"6,331","6,365","6,290","6,322","2,325"
03/24/2017,"6,321","6,355","6,278","6,338","2,325"
03/27/2017,"6,352","6,500","6,315","6,438","8,762"
03/28/2017,"6,464","6,537","6,401","6,498","1,790"
03/29/2017,"6,500","6,532","6,400","6,474","19,759"
03/30/2017,"6,474","6,640","6,463","6,606","3,946"
03/31/2017,"6,601","6,690","6,560","6,681","2,617"
04-03-2017,"6,680","6,680","6,535","6,577","1,046"
04-05-2017,"6,577","6,640","6,570","6,622","1,449"
04-06-2017,"6,600","6,640","6,585","6,611","1,096"
04-07-2017,"6,610","6,635","6,565","6,608","1,176"
04-10-2017,"6,665","6,665","6,543","6,608",865
04-11-2017,"6,610","6,610","6,541","6,565",312
04-12-2017,"6,599","6,599","6,444","6,518","1,221"
04/13/2017,"6,530","6,545","6,408","6,444","1,908"
04/17/2017,"6,450","6,500","6,300","6,317","3,113"
04/18/2017,"6,350","6,365","6,308","6,328","1,387"
04/19/2017,"6,334","6,341","6,290","6,301",703
04/20/2017,"6,349","6,375","6,305","6,346","1,630"
04/21/2017,"6,350","6,366","6,315","6,329",999
04/24/2017,"6,330","6,356","6,262","6,288","4,511"
04/25/2017,"6,335","6,354","6,301","6,325","4,231"
04/26/2017,"6,310","6,449","6,310","6,427","43,551"
04/27/2017,"6,426","6,749","6,426","6,700","8,287"
04/28/2017,"6,741","6,778","6,663","6,702","4,483"
05-02-2017,"6,702","6,735","6,691","6,715","2,605"
05-03-2017,"6,715","6,724","6,690","6,705",681
05-04-2017,"6,705","6,749","6,703","6,731","13,153"
05-05-2017,"6,735","6,735","6,666","6,722","3,027"
05-08-2017,"6,734","6,750","6,640","6,701","30,074"
05-09-2017,"6,715","6,728","6,678","6,703","1,809"
05-10-2017,"6,710","6,996","6,710","6,919","9,926"
05-11-2017,"6,990","6,992","6,834","6,852","75,480"
05-12-2017,"6,909","6,909","6,780","6,820","34,388"
05/15/2017,"6,780","6,780","6,581","6,611","10,805"
05/16/2017,"6,611","6,614","6,451","6,476","5,603"
05/17/2017,"6,521","6,580","6,520","6,555","2,426"
05/18/2017,"6,556","6,571","6,508","6,528","13,156"
05/19/2017,"6,550","6,615","6,474","6,530","18,797"
05/22/2017,"6,530","6,649","6,530","6,575","4,033"
05/23/2017,"6,640","6,670","6,524","6,569","8,458"
05/24/2017,"6,571","6,596","6,485","6,526","5,137"
05/25/2017,"6,569","6,571","6,475","6,506","4,168"
05/26/2017,"6,558","6,725","6,531","6,639","26,719"
05/29/2017,"6,645","6,695","6,554","6,614","4,773"
05/30/2017,"6,624","6,636","6,568","6,605","24,783"
05/31/2017,"6,660","6,685","6,624","6,657","1,132"
06-01-2017,"6,644","6,650","6,552","6,600","66,271"
06-02-2017,"6,667","6,667","6,615","6,645",765
06-05-2017,"6,650","6,790","6,639","6,725","1,974"
06-06-2017,"6,743","6,745","6,613","6,679","1,390"
06-07-2017,"6,677","6,710","6,646","6,668","7,712"
06-08-2017,"6,670","6,725","6,620","6,680","35,424"
06-09-2017,"6,652","6,698","6,617","6,667","1,479"
06-12-2017,"6,667","6,710","6,641","6,658","1,076"
06/13/2017,"6,618","6,704","6,618","6,690",954
06/14/2017,"6,690","6,709","6,651","6,678","2,486"
06/15/2017,"6,684","6,698","6,662","6,677",559
06/16/2017,"6,698","6,812","6,685","6,759","1,813"
06/19/2017,"6,800","6,825","6,702","6,744","1,212"
06/20/2017,"6,735","6,752","6,687","6,704",585
06/21/2017,"6,704","6,776","6,638","6,767",882
06/22/2017,"6,772","6,832","6,730","6,773","8,743"
06/23/2017,"6,751","6,773","6,600","6,619","5,862"
06/27/2017,"6,647","6,655","6,532","6,604","22,860"
06/28/2017,"6,626","6,653","6,615","6,635","1,050"
06/29/2017,"6,673","6,775","6,668","6,754","2,182"
06/30/2017,"6,725","6,770","6,669","6,723","1,675"
07-03-2017,"6,734","6,825","6,675","6,731","2,863"
07-04-2017,"6,750","6,869","6,744","6,849","2,989"
07-05-2017,"6,850","6,990","6,843","6,908","3,173"
07-06-2017,"6,903","6,987","6,900","6,925","12,505"
07-07-2017,"6,905","6,951","6,860","6,869","3,531"
07-10-2017,"6,980","6,980","6,770","6,809","10,397"
07-11-2017,"6,850","6,865","6,727","6,791","4,179"
07-12-2017,"6,791","6,841","6,759","6,820","2,214"
07/13/2017,"6,868","6,880","6,760","6,785","28,850"
07/14/2017,"6,812","6,835","6,794","6,810","11,706"
07/17/2017,"6,815","6,890","6,788","6,862","3,532"
07/18/2017,"6,860","6,943","6,821","6,862","24,629"
07/19/2017,"6,863","6,940","6,841","6,935","1,716"
07/20/2017,"6,920","6,941","6,831","6,859","1,958"
07/21/2017,"6,867","6,912","6,798","6,816","3,397"
07/24/2017,"6,835","6,850","6,811","6,830","1,537"
07/25/2017,"6,859","6,859","6,803","6,816","1,852"
07/26/2017,"6,850","6,852","6,750","6,787","9,318"
07/27/2017,"6,788","6,850","6,756","6,789","2,091"
07/28/2017,"6,803","6,803","6,750","6,779","20,851"
07/31/2017,"6,781","6,787","6,734","6,750","13,015"
08-01-2017,"6,750","6,770","6,685","6,697","22,668"
08-02-2017,"6,730","6,736","6,690","6,706","3,023"
08-03-2017,"6,695","6,741","6,684","6,735","1,548"
08-04-2017,"6,723","6,726","6,628","6,697","1,418"
08-07-2017,"6,730","6,785","6,684","6,734","3,880"
08-08-2017,"6,716","6,748","6,650","6,685","2,228"
08-09-2017,"6,674","6,730","6,674","6,730","13,082"
08-10-2017,"6,733","6,744","6,569","6,632","2,089"
08-11-2017,"6,632","6,632","6,501","6,536","2,437"
08/14/2017,"6,583","6,751","6,577","6,643","1,330"
08/16/2017,"6,650","6,733","6,642","6,672",653
08/17/2017,"6,661","6,707","6,650","6,675",980
08/18/2017,"6,675","6,719","6,635","6,646","33,268"
08/21/2017,"6,660","6,660","6,596","6,618","20,942"
08/22/2017,"6,658","6,725","6,585","6,619","29,268"
08/23/2017,"6,670","6,690","6,617","6,625","41,094"
08/24/2017,"6,639","6,653","6,585","6,595","27,670"
08/28/2017,"6,675","7,072","6,675","7,051","16,354"
08/29/2017,"7,068","7,070","6,900","6,955","14,283"
08/30/2017,"7,025","7,044","6,934","7,022","3,694"
08/31/2017,"7,036","7,120","6,947","7,101","6,391"
09-01-2017,"7,089","7,100","7,001","7,022","2,078"
09-04-2017,"7,020","7,048","6,842","6,859","2,732"
09-05-2017,"6,898","7,029","6,898","7,023","3,725"
09-06-2017,"6,810","6,989","6,800","6,950","2,879"
09-07-2017,"7,000","7,169","6,943","7,138","8,830"
09-08-2017,"7,140","7,220","7,135","7,195","7,825"
09-11-2017,"7,220","7,319","7,210","7,294","7,475"
09-12-2017,"7,336","7,408","7,230","7,372","7,239"
09/13/2017,"7,350","7,407","7,201","7,253","2,852"
09/14/2017,"7,300","7,300","7,206","7,253",981
09/15/2017,"7,234","7,357","7,231","7,335","1,092"
09/18/2017,"7,336","7,336","7,278","7,291",883
09/19/2017,"7,291","7,321","7,241","7,272",805
09/20/2017,"7,227","7,242","7,175","7,223","1,220"
09/21/2017,"7,201","7,208","7,113","7,144","1,321"
09/22/2017,"7,132","7,191","7,091","7,168",979
09/25/2017,"7,145","7,169","7,062","7,131",971
09/26/2017,"7,150","7,172","7,050","7,072",783
09/27/2017,"7,093","7,137","7,013","7,100","1,517"
09/28/2017,"7,132","7,238","7,070","7,155","1,794"
09/29/2017,"7,112","7,250","7,112","7,222",967
10-03-2017,"7,264","7,376","7,256","7,313","1,559"
10-04-2017,"7,270","7,350","7,234","7,326","1,598"
10-05-2017,"7,330","7,333","7,233","7,257",676
10-06-2017,"7,296","7,360","7,272","7,342",737
10-09-2017,"7,343","7,374","7,260","7,291","3,169"
10-10-2017,"7,335","7,336","7,271","7,288",932
10-11-2017,"7,289","7,320","7,270","7,292",962
10-12-2017,"7,300","7,480","7,300","7,381","6,223"
10/13/2017,"7,382","7,404","7,319","7,341",874
10/16/2017,"7,345","7,390","7,112","7,281","2,223"
10/17/2017,"7,282","7,389","7,239","7,365","1,369"
10/18/2017,"7,325","7,339","7,227","7,250","1,120"
10/19/2017,"7,300","7,300","7,187","7,235",490
10/23/2017,"7,262","7,317","7,202","7,245","1,597"
10/24/2017,"7,220","7,261","7,214","7,244",541
10/25/2017,"7,250","7,253","7,130","7,153","2,001"
10/26/2017,"7,175","7,250","7,107","7,137","1,792"
10/27/2017,"7,168","7,205","7,137","7,166",576
10/30/2017,"7,200","7,235","7,186","7,210",632
10/31/2017,"7,222","7,280","7,200","7,221",931
11-01-2017,"7,241","7,370","7,225","7,310","2,397"
11-02-2017,"7,310","7,328","7,241","7,268","1,150"
11-03-2017,"7,340","7,425","7,163","7,409","3,457"
11-06-2017,"7,450","7,730","7,284","7,597","7,177"
11-07-2017,"7,596","7,761","7,596","7,695","4,499"
11-08-2017,"7,686","8,000","7,535","7,828","7,196"
11-09-2017,"7,849","7,900","7,771","7,793","1,649"
11-10-2017,"7,799","7,856","7,650","7,770","2,284"
11/13/2017,"7,924","7,945","7,656","7,715","3,844"
11/14/2017,"7,770","7,770","7,610","7,648","1,662"
11/15/2017,"7,671","7,750","7,553","7,705","2,901"
11/16/2017,"7,766","7,819","7,647","7,660","2,548"
11/17/2017,"7,696","7,720","7,670","7,689","1,156"
11/20/2017,"7,666","7,823","7,666","7,721","2,075"
11/21/2017,"7,751","7,775","7,715","7,750",870
11/22/2017,"7,730","7,730","7,604","7,624","2,031"
11/23/2017,"7,617","7,645","7,597","7,625",510
11/24/2017,"7,647","7,650","7,480","7,510","2,070"
11/27/2017,"7,461","7,532","7,436","7,503","1,480"
11/28/2017,"7,524","7,556","7,470","7,496","2,129"
11/29/2017,"7,450","7,551","7,405","7,502","5,116"
11/30/2017,"7,480","7,678","7,480","7,650","5,110"
12-01-2017,"7,620","7,751","7,620","7,704","2,175"
12-04-2017,"7,704","7,729","7,634","7,692","1,751"
12-05-2017,"7,700","7,726","7,650","7,695",839
12-06-2017,"7,699","7,742","7,650","7,676","6,005"
12-07-2017,"7,720","7,870","7,705","7,824","4,116"
12-08-2017,"7,805","8,000","7,805","7,922","7,001"
12-11-2017,"7,950","8,000","7,842","7,859","1,558"
12-12-2017,"7,859","7,950","7,814","7,911","1,633"
12/13/2017,"7,921","7,960","7,850","7,912","1,458"
12/14/2017,"8,000","8,001","7,777","7,879","2,831"
12/15/2017,"7,897","7,949","7,847","7,868","1,317"
12/18/2017,"7,849","7,940","7,706","7,917","1,678"
12/19/2017,"7,919","7,948","7,880","7,903","1,178"
12/20/2017,"7,897","7,999","7,897","7,951","4,113"
12/21/2017,"7,952","7,967","7,897","7,916",698
12/22/2017,"7,904","7,920","7,840","7,868","1,222"
12/26/2017,"7,880","7,893","7,820","7,828","1,735"
12/27/2017,"7,835","7,840","7,720","7,741","1,277"
12/28/2017,"7,781","7,825","7,695","7,721","10,799"
12/29/2017,"7,738","7,876","7,736","7,845",751
01-01-2018,"7,880","7,900","7,831","7,851","1,724"
01-02-2018,"7,870","7,908","7,839","7,860",844
01-03-2018,"7,887","7,936","7,845","7,855",905
01-04-2018,"7,887","7,900","7,849","7,870",840
01-05-2018,"7,860","7,875","7,832","7,840","1,191"
01-08-2018,"7,860","7,980","7,850","7,952","2,623"
01-09-2018,"7,947","7,970","7,712","7,796","2,918"
01-10-2018,"7,780","7,860","7,660","7,825","1,095"
01-11-2018,"7,850","7,893","7,831","7,856",733
01-12-2018,"7,870","7,900","7,755","7,788","1,779"
01/15/2018,"7,800","7,840","7,735","7,747","1,373"
01/16/2018,"7,758","7,810","7,737","7,758","9,939"
01/17/2018,"7,779","7,799","7,690","7,759","2,376"
01/18/2018,"7,801","7,822","7,690","7,771","1,925"
01/19/2018,"7,758","7,790","7,684","7,692",781
01/22/2018,"7,692","7,699","7,647","7,659","1,500"
01/23/2018,"7,661","7,674","7,572","7,592","2,186"
01/24/2018,"7,620","7,621","7,546","7,575","3,189"
01/25/2018,"7,550","7,609","7,452","7,513","2,577"
01/29/2018,"7,525","7,567","7,470","7,535","1,628"
01/30/2018,"7,506","7,506","7,399","7,437","61,629"
01/31/2018,"7,437","7,506","7,437","7,465",594
02-01-2018,"7,500","7,513","7,282","7,306","3,358"
02-02-2018,"7,298","7,631","7,122","7,141","8,032"
02-05-2018,"7,210","7,210","7,000","7,133","76,314"
02-06-2018,"7,014","7,049","6,980","7,012","3,875"
02-07-2018,"7,099","7,121","6,988","7,014","19,843"
02-08-2018,"7,045","7,091","6,888","6,991","32,444"
02-09-2018,"7,025","7,025","6,940","6,959","1,698"
02-12-2018,"7,020","7,198","7,020","7,137","3,838"
02/14/2018,"7,187","7,373","7,187","7,260","2,732"
02/15/2018,"7,480","7,640","7,430","7,585","19,915"
02/16/2018,"7,658","7,715","7,580","7,590","5,546"
02/19/2018,"7,610","7,610","7,494","7,512","3,757"
02/20/2018,"7,565","7,611","7,480","7,555","2,313"
02/21/2018,"7,602","7,608","7,562","7,593","1,795"
02/22/2018,"7,575","7,654","7,476","7,540","3,308"
02/23/2018,"7,544","7,613","7,544","7,583","1,959"
02/26/2018,"7,600","7,649","7,563","7,616","2,320"
02/27/2018,"7,622","7,790","7,601","7,761","4,310"
02/28/2018,"7,747","7,865","7,717","7,764","2,150"
03-01-2018,"7,777","7,876","7,777","7,851","2,456"
03-05-2018,"7,851","7,864","7,695","7,714","2,479"
03-06-2018,"7,744","7,779","7,677","7,688","6,938"
03-07-2018,"7,689","7,793","7,656","7,706","1,867"
03-08-2018,"7,759","7,780","7,706","7,712","1,116"
03-09-2018,"7,736","7,736","7,644","7,651","3,215"
03-12-2018,"7,700","7,700","7,585","7,620","3,321"
03/13/2018,"7,675","7,778","7,671","7,703","3,621"
03/14/2018,"7,700","7,706","7,628","7,655","21,153"
03/15/2018,"7,689","7,736","7,685","7,717","6,136"
03/16/2018,"7,730","7,766","7,669","7,693","1,383"
03/19/2018,"7,711","7,711","7,643","7,664","1,030"
03/20/2018,"7,695","7,879","7,695","7,841","6,115"
03/21/2018,"7,900","7,958","7,780","7,853","3,468"
03/22/2018,"7,840","7,920","7,838","7,846","2,632"
03/23/2018,"7,844","7,844","7,768","7,798","2,531"
03/26/2018,"7,845","7,906","7,720","7,813","33,494"
03/27/2018,"7,856","8,169","7,836","8,084","18,075"
03/28/2018,"8,169","8,235","8,125","8,202","6,192"
04-02-2018,"8,201","8,321","8,168","8,309","3,141"
04-03-2018,"8,285","8,374","8,285","8,361","1,738"
04-04-2018,"8,341","8,394","8,333","8,359","5,206"
04-05-2018,"8,397","8,401","8,366","8,396",995
04-06-2018,"8,355","8,408","8,321","8,356","1,402"
04-09-2018,"8,360","8,400","8,350","8,389","2,007"
04-10-2018,"8,401","8,552","8,385","8,503","2,023"
04-11-2018,"8,510","8,510","8,393","8,474","1,662"
04-12-2018,"8,475","8,698","8,326","8,627","28,370"
04/13/2018,"8,628","8,740","8,618","8,692","2,354"
04/16/2018,"8,690","8,778","8,669","8,745","1,963"
04/17/2018,"8,755","9,035","8,755","9,016","8,689"
04/18/2018,"9,028","9,120","8,972","8,987","2,605"
04/19/2018,"8,960","9,200","8,960","9,154","2,469"
04/20/2018,"9,151","9,246","9,123","9,165","1,710"
04/23/2018,"9,130","9,166","8,888","8,924","14,468"
04/24/2018,"8,944","9,018","8,809","8,823","5,447"
04/25/2018,"8,867","8,900","8,668","8,735","1,922"
04/26/2018,"8,800","9,190","8,800","9,062","3,917"
04/27/2018,"9,050","9,126","8,867","9,058","3,000"
04/30/2018,"9,090","9,448","9,090","9,406","3,581"
05-02-2018,"9,400","9,490","9,212","9,224","2,611"
05-03-2018,"9,252","9,285","9,025","9,120","2,570"
05-04-2018,"9,110","9,143","9,090","9,103","1,077"
05-07-2018,"9,120","9,235","8,900","9,088","2,134"
05-08-2018,"9,175","9,175","9,086","9,117","6,221"
05-09-2018,"9,103","9,153","9,012","9,092","13,137"
05-10-2018,"9,150","9,208","8,935","8,986","4,032"
05-11-2018,"9,250","9,610","9,160","9,507","14,098"
05/14/2018,"9,507","9,597","9,499","9,573","2,114"
05/15/2018,"9,577","9,662","9,472","9,547","2,462"
05/16/2018,"9,490","9,670","9,468","9,638","2,565"
05/17/2018,"9,660","9,865","9,548","9,695","3,989"
05/18/2018,"9,708","9,850","9,650","9,689","2,990"
05/21/2018,"9,688","9,740","9,453","9,480","2,608"
05/22/2018,"9,499","9,648","9,429","9,616",899
05/23/2018,"9,636","9,705","9,617","9,635",758
05/24/2018,"9,656","9,712","9,615","9,658","1,647"
05/25/2018,"9,651","9,790","9,644","9,730","1,218"
05/28/2018,"9,711","9,782","9,628","9,669","1,222"
05/29/2018,"9,631","9,637","9,498","9,519","1,291"
05/30/2018,"9,494","9,585","9,494","9,537",953
05/31/2018,"9,550","9,795","9,550","9,658","8,532"
06-01-2018,"9,669","9,998","9,660","9,898","4,292"
06-04-2018,"9,950","9,999","9,746","9,810","52,375"
06-05-2018,"9,810","9,836","9,506","9,542","2,365"
06-06-2018,"9,545","9,800","9,545","9,757","1,762"
06-07-2018,"9,781","9,840","9,739","9,791","1,114"
06-08-2018,"9,814","9,956","9,778","9,889","2,119"
06-11-2018,"9,888","10,050","9,881","9,901","1,821"
06-12-2018,"9,988","9,988","9,825","9,839","1,854"
06/13/2018,"9,867","9,882","9,797","9,827",794
06/14/2018,"9,838","9,847","9,660","9,754","1,175"
06/15/2018,"9,761","9,799","9,678","9,736","1,667"
06/18/2018,"9,765","9,783","9,580","9,624","1,544"
06/19/2018,"9,640","9,800","9,509","9,613","3,062"
06/20/2018,"9,666","9,765","9,665","9,730","1,817"
06/21/2018,"9,750","9,913","9,659","9,842","2,465"
06/22/2018,"9,838","9,903","9,760","9,871","1,335"
06/25/2018,"9,878","10,000","9,853","9,901","1,778"
06/26/2018,"9,893","10,158","9,893","10,073","4,051"
06/27/2018,"10,082","10,190","9,942","9,992","3,204"
06/28/2018,"9,991","10,095","9,752","9,786","1,756"
06/29/2018,"9,843","9,900","9,770","9,809","1,479"
07-02-2018,"9,838","9,838","9,745","9,772",883
07-03-2018,"9,797","9,838","9,730","9,771","1,486"
07-04-2018,"9,797","9,898","9,783","9,867","2,311"
07-05-2018,"9,870","9,999","9,870","9,964","1,602"
07-06-2018,"9,959","10,058","9,933","9,949","1,417"
07-09-2018,"9,953","9,965","9,880","9,905",847
07-10-2018,"9,905","10,060","9,901","10,010","1,280"
07-11-2018,"10,010","10,290","9,953","10,167","4,361"
07-12-2018,"10,188","10,257","10,002","10,023","2,633"
07/13/2018,"10,100","10,200","10,064","10,151","1,661"
07/16/2018,"10,150","10,248","10,150","10,211","1,113"
07/17/2018,"10,215","10,574","10,210","10,532","8,464"
07/18/2018,"10,557","10,557","10,300","10,409","3,938"
07/19/2018,"10,383","10,392","10,231","10,287","1,116"
07/20/2018,"10,254","10,431","10,210","10,351","1,443"
07/23/2018,"10,500","10,500","10,345","10,416","9,587"
07/24/2018,"10,470","10,470","10,255","10,298","2,904"
07/25/2018,"10,331","10,352","10,193","10,270",924
07/26/2018,"10,222","10,350","10,200","10,318","1,125"
07/27/2018,"10,333","10,381","10,164","10,296","2,246"
07/30/2018,"10,270","10,301","10,086","10,127","1,605"
07/31/2018,"10,154","10,599","10,118","10,537","3,679"
08-01-2018,"10,600","10,888","10,557","10,805","5,032"
08-02-2018,"10,829","10,863","10,613","10,755","3,705"
08-03-2018,"10,797","10,823","10,209","10,313","11,097"
08-06-2018,"10,485","10,650","10,400","10,522","9,323"
08-07-2018,"10,565","10,648","10,500","10,531","2,558"
08-08-2018,"10,630","10,820","10,569","10,771","2,691"
08-09-2018,"10,771","10,970","10,771","10,887","24,034"
08-10-2018,"10,900","11,000","10,655","10,691","38,760"
08/13/2018,"10,800","10,916","10,695","10,836","15,261"
08/14/2018,"10,838","10,950","10,788","10,885","29,463"
08/16/2018,"10,888","10,947","10,800","10,868","1,568"
08/17/2018,"10,887","10,931","10,797","10,875","1,935"
08/20/2018,"10,888","10,948","10,844","10,877","1,800"
08/21/2018,"10,831","10,989","10,829","10,888","2,537"
08/23/2018,"10,885","11,590","10,885","11,546","15,918"
08/24/2018,"11,555","11,555","11,305","11,369","3,205"
08/27/2018,"11,395","11,521","11,300","11,335","4,940"
08/28/2018,"11,333","11,418","11,301","11,345","2,440"
08/29/2018,"11,417","11,515","11,295","11,323","3,714"
08/30/2018,"11,323","11,456","11,270","11,289","1,689"
08/31/2018,"11,335","11,668","11,335","11,577","14,797"
09-03-2018,"11,700","11,700","11,260","11,302","2,059"
09-04-2018,"11,330","11,330","10,782","10,837","4,312"
09-05-2018,"10,831","10,836","10,180","10,402","10,946"
09-06-2018,"10,452","10,555","10,243","10,337","10,635"
09-07-2018,"10,499","10,650","10,318","10,447","14,283"
09-10-2018,"10,447","10,520","10,292","10,326","4,223"
09-11-2018,"10,333","10,374","10,030","10,059","3,617"
09-12-2018,"10,046","10,460","10,040","10,371","16,828"
09/14/2018,"10,539","10,566","10,229","10,342","3,066"
09/17/2018,"10,318","10,318","10,122","10,166","2,871"
09/18/2018,"10,215","10,464","10,200","10,280","4,095"
09/19/2018,"10,499","10,499","10,135","10,153","2,014"
09/21/2018,"10,209","10,262","9,211","9,765","10,848"
09/24/2018,"9,869","9,880","9,610","9,651","4,791"
09/25/2018,"9,650","9,840","9,391","9,727","10,064"
09/26/2018,"9,850","9,850","9,544","9,707","6,494"
09/27/2018,"9,800","9,841","9,480","9,564","3,073"
09/28/2018,"9,699","9,817","9,575","9,706","4,435"
10-01-2018,"9,750","9,855","9,475","9,626","4,189"
10-03-2018,"9,625","9,625","9,323","9,344","7,146"
10-04-2018,"9,340","9,446","9,101","9,362","8,440"
10-05-2018,"9,205","9,490","9,150","9,386","6,156"
10-08-2018,"9,400","9,488","9,242","9,385","5,475"
10-09-2018,"9,400","9,581","9,250","9,487","4,683"
10-10-2018,"9,466","9,650","9,425","9,526","6,692"
10-11-2018,"9,301","9,520","9,080","9,374","5,239"
10-12-2018,"9,499","9,750","9,410","9,701","7,095"
10/15/2018,"9,724","9,724","9,551","9,666","1,848"
10/16/2018,"9,667","9,756","9,636","9,734","2,382"
10/17/2018,"9,820","9,866","9,685","9,721","3,611"
10/19/2018,"9,651","9,672","9,481","9,603","23,672"
10/22/2018,"9,730","9,849","9,601","9,647","2,110"
10/23/2018,"9,205","9,545","9,205","9,342","6,812"
10/24/2018,"9,350","9,600","9,350","9,521","31,951"
10/25/2018,"9,490","9,580","9,428","9,517","2,786"
10/26/2018,"9,561","9,700","9,462","9,540","2,825"
10/29/2018,"9,800","9,863","9,610","9,697","11,055"
10/30/2018,"9,740","9,762","9,629","9,713","10,086"
10/31/2018,"9,740","10,145","9,733","10,122","9,033"
11-01-2018,"10,329","10,329","9,902","9,956","3,647"
11-02-2018,"10,042","10,329","9,994","10,230","20,821"
11-05-2018,"10,235","10,395","10,230","10,321","3,045"
11-06-2018,"10,350","10,407","10,090","10,169","11,866"
11-07-2018,"10,168","10,256","10,100","10,236",522
11-09-2018,"10,274","10,371","10,160","10,224","1,425"
11-12-2018,"10,299","10,340","10,069","10,117","27,192"
11/13/2018,"10,140","10,236","10,096","10,165","2,397"
11/14/2018,"10,228","10,448","10,159","10,386","7,380"
11/15/2018,"10,418","10,486","10,334","10,448","4,594"
11/16/2018,"10,500","10,695","10,395","10,655","4,971"
11/19/2018,"10,671","10,777","10,165","10,360","3,561"
11/20/2018,"10,499","10,500","10,170","10,249","4,656"
11/21/2018,"10,266","10,341","10,195","10,257","1,076"
11/22/2018,"10,270","10,449","10,238","10,313","2,322"
11/26/2018,"10,358","10,538","10,301","10,450","34,056"
11/27/2018,"10,450","10,600","10,285","10,519","2,908"
11/28/2018,"10,525","10,746","10,525","10,702","51,322"
11/29/2018,"10,758","10,758","10,400","10,604","39,727"
11/30/2018,"10,660","10,800","10,595","10,719","4,339"
12-03-2018,"10,809","10,822","10,649","10,747","1,970"
12-04-2018,"10,756","10,760","10,560","10,590","1,112"
12-05-2018,"10,559","10,563","10,446","10,485","1,295"
12-06-2018,"10,440","10,440","10,246","10,304","2,244"
12-07-2018,"10,433","10,530","10,374","10,403","6,351"
12-10-2018,"10,399","10,429","10,279","10,380","3,705"
12-11-2018,"10,380","10,798","10,339","10,633","3,496"
12-12-2018,"10,603","10,876","10,603","10,826","2,552"
12/13/2018,"10,903","11,191","10,899","10,991","4,091"
12/14/2018,"10,999","11,163","10,916","10,973","2,174"
12/17/2018,"11,066","11,290","11,066","11,182","8,469"
12/18/2018,"11,187","11,279","11,026","11,093","1,566"
12/19/2018,"11,155","11,700","11,130","11,182","1,663"
12/20/2018,"11,099","11,409","11,099","11,207","2,296"
12/21/2018,"11,288","11,312","10,956","11,012","1,592"
12/24/2018,"11,119","11,219","10,849","10,931",864
12/26/2018,"10,950","10,976","10,750","10,764","3,768"
12/27/2018,"10,850","10,971","10,833","10,936","4,675"
12/28/2018,"11,009","11,288","10,960","11,236","13,721"
12/31/2018,"11,350","11,362","11,043","11,107","13,836"
01-01-2019,"11,112","11,227","10,991","11,062","6,029"
01-02-2019,"11,002","11,145","10,941","11,041","1,702"
01-03-2019,"11,133","11,499","11,050","11,191","28,106"
01-04-2019,"11,200","11,200","10,667","10,878","14,436"
01-07-2019,"10,870","10,940","10,719","10,779","5,916"
01-08-2019,"10,854","11,233","10,701","11,017","13,964"
01-09-2019,"11,107","11,277","11,087","11,252","4,675"
01-10-2019,"11,260","11,468","11,158","11,417","8,937"
01-11-2019,"11,400","11,447","11,176","11,265","1,654"
01/14/2019,"11,390","11,390","11,192","11,225","7,030"
01/15/2019,"11,252","11,332","11,202","11,287","1,254"
01/16/2019,"11,254","11,265","10,996","11,049","4,351"
01/17/2019,"11,190","11,230","11,124","11,170","1,465"
01/18/2019,"11,200","11,312","11,167","11,241","2,929"
01/21/2019,"11,322","11,322","11,164","11,232","1,762"
01/22/2019,"11,275","11,450","11,200","11,216","5,153"
01/23/2019,"11,152","11,344","11,152","11,311","1,461"
01/24/2019,"11,340","11,470","11,340","11,431","2,263"
01/25/2019,"11,470","11,507","11,294","11,344","1,314"
01/28/2019,"11,343","11,400","11,176","11,325","2,528"
01/29/2019,"11,383","11,450","11,308","11,407","1,749"
01/30/2019,"11,395","11,445","11,290","11,394","1,064"
01/31/2019,"11,115","11,560","11,115","11,470","5,711"
02-01-2019,"11,499","11,633","11,448","11,568","2,546"
02-04-2019,"11,599","11,670","11,503","11,586","2,118"
02-05-2019,"11,540","11,660","11,446","11,596","3,157"
02-06-2019,"11,666","11,672","11,470","11,598","3,621"
02-07-2019,"11,666","11,777","11,540","11,714","1,672"
02-08-2019,"11,713","11,747","11,160","11,278","6,445"
02-11-2019,"11,278","11,300","10,792","10,820","8,158"
02-12-2019,"10,780","10,852","10,617","10,799","4,110"
02/13/2019,"10,965","10,965","10,485","10,573","7,196"
02/14/2019,"10,600","10,791","10,405","10,612","6,562"
02/15/2019,"10,450","10,730","10,255","10,582","12,948"
02/18/2019,"10,590","10,590","10,187","10,344","4,599"
02/19/2019,"10,549","10,720","10,356","10,520","3,613"
02/20/2019,"10,520","10,615","10,410","10,531","1,864"
02/21/2019,"10,500","10,658","10,431","10,597","19,960"
02/22/2019,"10,535","10,710","10,535","10,687","2,069"
02/25/2019,"10,743","10,850","10,701","10,824","2,507"
02/26/2019,"10,790","10,852","10,662","10,788","2,596"
02/27/2019,"10,799","10,800","10,650","10,700","1,973"
02/28/2019,"10,746","10,762","10,558","10,627","2,829"
03-01-2019,"10,650","10,650","10,331","10,436","9,687"
03-05-2019,"10,400","10,550","10,300","10,508","9,481"
03-06-2019,"10,555","10,560","10,220","10,355","4,100"
03-07-2019,"10,331","10,357","10,161","10,197","4,098"
03-08-2019,"10,197","10,197","10,028","10,106","12,989"
03-11-2019,"10,143","10,340","10,042","10,287","4,384"
03-12-2019,"10,300","10,500","10,271","10,436","6,428"
03/13/2019,"10,530","10,730","10,500","10,692","6,125"
03/14/2019,"10,749","10,754","10,545","10,742","1,617"
03/15/2019,"10,746","10,746","10,241","10,329","4,276"
03/18/2019,"10,364","10,484","10,280","10,465","2,428"
03/19/2019,"10,465","10,720","10,421","10,677","2,394"
03/20/2019,"10,700","10,760","10,499","10,535","2,089"
03/22/2019,"10,519","10,645","10,519","10,598","1,072"
03/25/2019,"10,600","10,600","10,303","10,521","2,542"
03/26/2019,"10,550","10,769","10,533","10,695","3,608"
03/27/2019,"10,707","11,080","10,599","10,853","7,445"
03/28/2019,"10,900","11,100","10,813","11,028","5,491"
03/29/2019,"11,040","11,225","10,800","10,994","3,806"
04-01-2019,"11,000","11,107","10,830","10,896","2,201"
04-02-2019,"10,940","10,940","10,700","10,767","1,348"
04-03-2019,"10,850","11,051","10,805","11,004","2,217"
04-04-2019,"11,005","11,036","10,870","10,973",613
04-05-2019,"10,970","11,084","10,912","11,001",975
04-08-2019,"11,010","11,021","10,840","10,880","1,695"
04-09-2019,"10,881","10,881","10,735","10,788","1,305"
04-10-2019,"10,801","10,842","10,730","10,808","1,667"
04-11-2019,"10,794","10,882","10,705","10,762","1,186"
04-12-2019,"10,779","10,989","10,779","10,941","1,183"
04/15/2019,"10,975","11,091","10,899","10,965","1,241"
04/16/2019,"11,011","11,199","11,011","11,131","1,555"
04/18/2019,"11,204","11,229","10,853","10,953","1,146"
04/22/2019,"10,950","10,961","10,876","10,910",602
04/23/2019,"10,900","10,971","10,851","10,923","1,007"
04/24/2019,"10,900","11,020","10,727","10,832","1,768"
04/25/2019,"10,820","10,980","10,820","10,880",997
04/26/2019,"10,853","11,044","10,850","10,970","1,478"
04/30/2019,"10,879","10,955","10,850","10,903","1,337"
05-02-2019,"10,900","10,900","10,550","10,604","11,652"
05-03-2019,"10,601","10,636","10,389","10,502","1,839"
05-06-2019,"10,401","10,486","10,323","10,389","1,588"
05-07-2019,"10,498","10,597","10,400","10,472",993
05-08-2019,"10,472","10,560","10,284","10,306","21,490"
05-09-2019,"10,320","10,410","10,222","10,357","1,707"
05-10-2019,"10,410","10,436","10,153","10,238","2,328"
05/13/2019,"10,199","10,432","10,199","10,317","12,168"
05/14/2019,"10,317","10,317","10,126","10,215","2,479"
05/15/2019,"10,386","10,502","10,225","10,281","20,756"
05/16/2019,"10,333","10,391","10,257","10,284","1,322"
05/17/2019,"10,310","10,523","10,270","10,453","2,524"
05/20/2019,"10,601","10,888","10,583","10,781","3,696"
05/21/2019,"10,990","10,990","10,532","10,596","2,492"
05/22/2019,"10,626","10,780","10,611","10,690","2,177"
05/23/2019,"10,821","10,989","10,688","10,764","9,884"
05/24/2019,"10,949","10,949","10,611","10,692","1,901"
05/27/2019,"10,701","11,055","10,701","11,008","9,439"
05/28/2019,"11,036","11,170","10,953","11,148","3,593"
05/29/2019,"11,050","11,265","11,001","11,180","2,802"
05/30/2019,"11,176","11,341","11,176","11,291","1,981"
05/31/2019,"11,320","11,526","11,320","11,487","3,361"
06-03-2019,"11,500","11,704","11,487","11,692","3,793"
06-04-2019,"11,694","11,694","11,427","11,526","3,345"
06-06-2019,"11,583","11,666","11,552","11,600","1,620"
06-07-2019,"11,615","11,631","11,452","11,509","3,394"
06-10-2019,"11,512","11,820","11,453","11,747","2,775"
06-11-2019,"11,750","11,820","11,519","11,641","6,302"
06-12-2019,"11,641","11,760","11,531","11,714","3,891"
06/13/2019,"11,670","11,671","11,573","11,609","5,882"
06/14/2019,"11,625","11,722","11,452","11,490","1,366"
06/17/2019,"11,555","11,616","11,430","11,472","21,913"
06/18/2019,"11,525","11,545","11,305","11,455","1,833"
06/19/2019,"11,500","11,645","11,465","11,614","1,254"
06/20/2019,"11,650","11,750","11,500","11,718","1,436"
06/21/2019,"11,700","11,782","11,535","11,596","1,301"
06/24/2019,"11,616","11,751","11,616","11,709",790
06/25/2019,"11,666","11,718","11,618","11,705",609
06/26/2019,"11,705","11,948","11,675","11,801","8,985"
06/27/2019,"11,857","11,857","11,686","11,810","46,423"
06/28/2019,"11,849","11,940","11,759","11,921","2,109"
07-01-2019,"11,949","12,026","11,820","11,852","1,819"
07-02-2019,"11,898","11,999","11,802","11,966","1,316"
07-03-2019,"11,965","11,986","11,787","11,809","1,197"
07-04-2019,"11,844","11,959","11,844","11,880",525
07-05-2019,"11,959","11,998","11,844","11,954",975
07-08-2019,"11,929","11,929","11,763","11,801","1,060"
07-09-2019,"11,757","11,805","11,650","11,686","1,009"
07-10-2019,"11,652","11,797","11,530","11,555","9,688"
07-11-2019,"11,576","11,594","11,475","11,497","9,383"
07-12-2019,"11,567","11,715","11,511","11,679","1,978"
07/15/2019,"11,681","11,693","11,466","11,484",992
07/16/2019,"11,525","11,720","11,489","11,697","1,159"
07/17/2019,"11,666","11,742","11,618","11,699",461
07/18/2019,"11,706","11,740","11,547","11,583","1,609"
07/19/2019,"11,646","11,719","11,512","11,553",851
07/22/2019,"11,500","11,571","11,271","11,318","1,563"
07/23/2019,"11,317","11,680","11,317","11,468","1,796"
07/24/2019,"11,508","11,603","11,303","11,480","1,001"
07/25/2019,"11,522","11,656","11,450","11,492","1,370"
07/26/2019,"11,539","11,664","11,470","11,620","1,059"
07/29/2019,"11,619","11,682","11,477","11,622","3,357"
07/30/2019,"11,660","11,695","11,500","11,531",837
07/31/2019,"11,531","11,730","11,407","11,672",959
08-01-2019,"11,680","11,680","11,449","11,544","1,050"
08-02-2019,"11,520","11,525","11,300","11,428","15,613"
08-05-2019,"11,580","11,912","11,545","11,727","3,186"
08-06-2019,"11,740","11,995","11,717","11,832","2,699"
08-07-2019,"11,869","11,909","11,750","11,772","1,518"
08-08-2019,"11,822","11,934","11,785","11,844","6,426"
08-09-2019,"11,879","12,266","11,700","11,982","5,304"
08/13/2019,"12,000","12,190","11,807","11,872","2,899"
08/14/2019,"11,938","12,154","11,872","12,031","1,861"
08/16/2019,"12,099","12,099","11,934","12,011",915
08/19/2019,"12,007","12,250","12,007","12,059","1,158"
08/20/2019,"12,072","12,143","11,928","11,963","1,518"
08/21/2019,"11,970","12,635","11,970","12,587","12,696"
08/22/2019,"12,650","12,796","12,411","12,459","3,912"
08/23/2019,"12,453","12,521","12,279","12,451","1,818"
08/26/2019,"12,566","12,592","12,235","12,391","2,338"
08/27/2019,"12,395","12,543","12,350","12,473","1,245"
08/28/2019,"12,440","12,851","12,425","12,515","3,248"
08/29/2019,"12,620","12,887","12,620","12,714","7,537"
08/30/2019,"12,764","12,946","12,569","12,850","3,749"
09-03-2019,"12,850","12,895","12,607","12,684","2,253"
09-04-2019,"12,711","12,785","12,350","12,465","4,514"
09-05-2019,"12,581","12,669","12,515","12,604","1,895"
09-06-2019,"12,355","12,715","12,355","12,572","2,879"
09-09-2019,"12,600","12,877","12,600","12,842","1,819"
09-11-2019,"12,830","12,830","12,664","12,757","1,393"
09-12-2019,"12,757","12,829","12,525","12,567","2,025"
09/13/2019,"12,658","12,717","12,510","12,696","6,041"
09/16/2019,"12,690","12,865","12,617","12,843","1,633"
09/17/2019,"12,800","12,848","12,709","12,763","1,948"
09/18/2019,"12,786","12,895","12,650","12,870","1,157"
09/19/2019,"12,822","12,888","12,635","12,699","1,776"
09/20/2019,"12,694","13,620","12,541","13,502","11,183"
09/23/2019,"13,532","14,300","13,400","13,670","8,594"
09/24/2019,"13,710","13,710","13,325","13,431","2,684"
09/25/2019,"13,430","13,504","13,315","13,463","1,765"
09/26/2019,"13,563","14,128","13,550","13,945","7,359"
09/27/2019,"13,800","13,898","13,600","13,742","4,695"
09/30/2019,"13,742","13,990","13,683","13,913","1,624"
10-01-2019,"13,939","13,939","13,630","13,678","2,278"
10-03-2019,"13,699","13,740","13,579","13,711","1,047"
10-04-2019,"13,710","13,779","13,338","13,455","2,132"
10-07-2019,"13,522","13,691","13,464","13,600","2,051"
10-09-2019,"13,650","13,908","13,600","13,876","2,222"
10-10-2019,"13,813","13,866","13,700","13,840","1,554"
10-11-2019,"13,840","14,060","13,840","14,039","3,041"
10/14/2019,"14,100","14,215","14,040","14,174","2,260"
10/15/2019,"14,175","14,198","13,712","14,081","4,001"
10/16/2019,"14,088","14,410","14,088","14,349","2,281"
10/17/2019,"14,415","14,607","14,161","14,513","8,340"
10/18/2019,"14,510","14,922","14,392","14,838","3,148"
10/22/2019,"14,921","15,113","14,840","15,039","7,240"
10/23/2019,"15,099","15,120","14,932","14,982","2,339"
10/24/2019,"15,022","15,022","14,626","14,677","2,253"
10/25/2019,"14,746","14,898","14,472","14,795","5,325"
10/29/2019,"14,911","14,911","14,509","14,675","7,471"
10/30/2019,"14,765","14,999","14,765","14,959","2,084"
10/31/2019,"15,035","15,150","14,798","14,961","2,179"
11-01-2019,"14,965","15,069","14,892","14,964",814
11-04-2019,"15,022","15,078","14,800","14,817",805
11-05-2019,"14,836","14,859","14,606","14,650","1,745"
11-06-2019,"14,680","14,811","14,595","14,652","2,279"
11-07-2019,"14,688","14,784","14,558","14,720","3,754"
11-08-2019,"14,714","14,839","14,399","14,475","2,747"
11-11-2019,"14,500","14,579","14,050","14,108","3,808"
11/13/2019,"14,128","14,329","14,064","14,235","2,811"
11/14/2019,"14,262","14,281","14,101","14,237","1,271"
11/15/2019,"14,201","14,435","14,166","14,297","4,022"
11/18/2019,"14,321","14,321","14,054","14,082","5,696"
11/19/2019,"14,155","14,199","14,022","14,107","1,138"
11/20/2019,"14,111","14,288","13,990","14,227","5,108"
11/21/2019,"14,230","14,271","14,129","14,168","1,252"
11/22/2019,"14,252","14,291","14,108","14,171",803
11/25/2019,"14,269","14,515","14,180","14,489","1,364"
11/26/2019,"14,487","14,599","14,241","14,532","1,772"
11/27/2019,"14,550","14,669","14,514","14,586","1,546"
11/28/2019,"14,600","14,700","14,574","14,663","10,055"
11/29/2019,"14,660","14,680","14,415","14,456","10,105"
12-02-2019,"14,460","14,625","14,299","14,553","1,495"
12-03-2019,"14,563","14,563","14,300","14,338","1,602"
12-04-2019,"14,325","14,362","14,201","14,300",769
12-05-2019,"14,401","14,411","14,230","14,282",661
12-06-2019,"14,296","14,307","14,150","14,160",562
12-09-2019,"14,160","14,267","14,008","14,237",852
12-10-2019,"14,211","14,241","14,040","14,096","4,810"
12-11-2019,"14,103","14,155","14,020","14,068","10,662"
12-12-2019,"14,114","14,220","14,082","14,170",928
12/13/2019,"14,244","14,373","14,015","14,314","1,445"
12/16/2019,"14,305","14,422","14,134","14,153","1,168"
12/17/2019,"14,151","14,233","14,088","14,145","1,037"
12/18/2019,"14,159","14,279","14,054","14,216","1,617"
12/19/2019,"14,214","14,300","14,100","14,281",962
12/20/2019,"14,244","14,980","14,244","14,833","5,258"
12/23/2019,"14,899","14,994","14,490","14,527","2,826"
12/24/2019,"14,550","14,610","14,490","14,587","1,563"
12/26/2019,"14,582","14,700","14,550","14,599",973
12/27/2019,"14,599","14,680","14,583","14,652",535
12/30/2019,"14,652","14,903","14,620","14,867","1,453"
12/31/2019,"14,890","14,917","14,701","14,790","1,016"
01-01-2020,"14,820","14,838","14,720","14,778",646
01-02-2020,"14,869","14,869","14,700","14,725","1,399"
01-03-2020,"14,756","14,756","14,526","14,597","23,054"
01-06-2020,"14,575","14,575","14,275","14,409","3,425"
01-07-2020,"14,497","14,528","14,255","14,290","1,818"
01-08-2020,"14,250","14,416","14,120","14,388","1,655"
01-09-2020,"14,536","14,680","14,457","14,645","2,214"
01-10-2020,"14,690","14,713","14,588","14,685","1,080"
01/13/2020,"14,728","14,735","14,604","14,662",747
01/14/2020,"14,662","14,900","14,615","14,869","1,388"
01/15/2020,"14,868","14,950","14,738","14,868",874
01/16/2020,"14,869","15,399","14,860","15,347","5,450"
01/17/2020,"15,399","15,599","15,365","15,441","2,271"
01/20/2020,"15,436","15,475","15,311","15,420","1,805"
01/21/2020,"15,420","15,500","15,253","15,280","1,306"
01/22/2020,"15,354","15,585","15,315","15,544","1,630"
01/23/2020,"15,477","15,621","15,465","15,555","5,700"
01/24/2020,"15,533","15,855","15,519","15,750","1,455"
01/27/2020,"15,717","15,855","15,569","15,671","1,392"
01/28/2020,"15,684","15,696","15,381","15,414","1,916"
01/29/2020,"15,547","15,900","15,444","15,870","1,619"
01/30/2020,"15,870","15,870","15,483","15,503","1,669"
01/31/2020,"15,599","15,600","15,315","15,361","1,518"
02-03-2020,"15,452","16,502","15,452","16,302","17,589"
02-04-2020,"16,370","16,500","16,136","16,453","2,561"
02-05-2020,"16,499","16,499","16,257","16,374","2,937"
02-06-2020,"16,385","16,548","16,166","16,286","2,355"
02-07-2020,"16,288","16,383","16,202","16,306","1,32,010"
02-10-2020,"16,309","16,343","16,119","16,168","1,383"
02-11-2020,"16,298","16,318","15,960","15,995","1,341"
02-12-2020,"16,097","16,472","15,975","16,290","3,465"
02/13/2020,"16,350","16,455","16,290","16,418","5,551"
02/14/2020,"16,520","16,753","16,247","16,351","5,972"
02/17/2020,"16,400","16,632","16,370","16,575","9,955"
02/18/2020,"16,555","16,565","16,375","16,401","2,500"
02/19/2020,"16,506","16,840","16,489","16,776","2,958"
02/20/2020,"16,775","16,775","16,515","16,544","2,556"
02/24/2020,"16,500","16,549","16,305","16,340","2,796"
02/25/2020,"16,341","16,532","16,312","16,366","1,273"
02/26/2020,"16,435","16,496","16,155","16,260","2,668"
02/27/2020,"16,332","16,340","16,050","16,262","10,973"
02/28/2020,"16,100","16,119","15,680","15,771","6,051"
03-02-2020,"15,900","16,316","15,871","16,120","5,105"
03-03-2020,"16,190","16,495","16,159","16,354","4,981"
03-04-2020,"16,360","16,627","16,027","16,538","2,789"
03-05-2020,"16,567","16,834","16,485","16,568","2,476"
03-06-2020,"16,470","16,549","16,244","16,427","2,458"
03-09-2020,"16,301","16,353","15,717","16,054","4,522"
03-11-2020,"16,050","16,220","15,785","16,056","2,168"
03-12-2020,"15,822","15,874","15,044","15,619","7,632"
03/13/2020,"15,600","15,683","14,100","14,976","9,688"
03/16/2020,"15,000","15,450","13,500","14,353","8,487"
03/17/2020,"14,694","14,849","14,271","14,542","6,061"
03/18/2020,"14,540","14,606","13,391","13,513","24,933"
03/19/2020,"13,400","13,464","12,589","13,109","8,600"
03/20/2020,"13,430","14,426","13,206","14,149","7,765"
03/23/2020,"13,300","13,750","12,780","12,935","8,625"
03/24/2020,"13,210","14,075","12,850","13,555","6,306"
03/25/2020,"13,000","14,500","13,000","14,432","4,192"
03/26/2020,"14,890","15,643","14,060","15,036","3,829"
03/27/2020,"15,500","15,510","14,824","15,091","5,481"
03/30/2020,"15,110","15,861","14,756","15,684","4,156"
03/31/2020,"15,850","16,421","15,726","16,302","3,007"
04-01-2020,"16,380","16,459","15,505","15,669","2,549"
04-03-2020,"15,706","15,862","14,989","15,151","6,830"
04-07-2020,"15,500","17,178","15,480","17,023","8,813"
04-08-2020,"16,998","17,521","16,576","16,848","4,200"
04-09-2020,"17,326","17,519","16,596","16,844","5,835"
04/13/2020,"17,000","17,000","16,420","16,614","2,690"
04/15/2020,"16,659","17,384","16,659","17,323","3,319"
04/16/2020,"17,320","17,999","17,130","17,885","4,689"
04/17/2020,"18,301","18,301","17,231","17,322","4,499"
04/20/2020,"17,499","17,499","16,915","16,971","3,186"
04/21/2020,"16,890","17,233","16,715","16,997","2,313"
04/22/2020,"17,200","17,682","16,855","17,639","3,878"
04/23/2020,"17,698","17,790","17,321","17,412","2,810"
04/24/2020,"17,355","17,800","17,328","17,378","2,934"
04/27/2020,"17,401","18,000","17,401","17,954","2,448"
04/28/2020,"17,970","18,000","17,510","17,567","3,067"
04/29/2020,"17,699","17,727","17,417","17,496","2,177"
04/30/2020,"17,611","17,999","17,574","17,906","3,638"
05-04-2020,"17,699","17,737","17,380","17,453","2,560"
05-05-2020,"17,535","17,610","17,108","17,420","3,820"
05-06-2020,"17,441","17,600","17,275","17,310","1,999"
05-07-2020,"17,310","17,310","16,902","17,133","4,543"
05-08-2020,"17,320","17,820","17,268","17,798","3,974"
05-11-2020,"17,770","17,916","17,500","17,567","4,362"
05-12-2020,"17,680","17,880","17,387","17,457","3,654"
05/13/2020,"17,900","17,900","16,406","16,519","15,933"
05/14/2020,"16,600","16,850","16,202","16,248","13,273"
05/15/2020,"16,555","16,570","16,200","16,421","13,768"
05/18/2020,"16,470","16,470","16,182","16,240","2,210"
05/19/2020,"16,251","16,400","16,121","16,154","2,761"
05/20/2020,"16,154","16,592","16,154","16,300","4,196"
05/21/2020,"16,393","16,500","16,266","16,289","3,006"
05/22/2020,"16,280","16,380","16,150","16,219","3,243"
05/26/2020,"16,220","16,740","16,220","16,682","4,058"
05/27/2020,"16,731","16,810","16,497","16,735","8,865"
05/28/2020,"16,716","17,020","16,688","16,983","11,888"
05/29/2020,"16,989","17,600","16,847","17,534","4,658"
06-01-2020,"17,595","17,750","17,100","17,184","5,159"
06-02-2020,"17,432","17,432","16,980","17,021","4,493"
06-03-2020,"17,230","17,510","17,164","17,425","3,421"
06-04-2020,"17,440","17,544","17,156","17,196","4,999"
06-05-2020,"17,344","17,461","16,970","17,098","6,860"
06-08-2020,"17,160","17,202","16,800","16,828","4,211"
06-09-2020,"16,700","16,993","16,530","16,559","3,976"
06-10-2020,"16,612","16,820","16,412","16,563","5,760"
06-11-2020,"16,589","16,855","16,550","16,602","4,888"
06-12-2020,"16,600","16,710","16,325","16,486","11,082"
06/15/2020,"16,555","16,624","16,375","16,405","2,072"
06/16/2020,"16,500","16,599","16,263","16,340","2,972"
06/17/2020,"16,340","16,426","16,120","16,201","3,520"
06/18/2020,"16,155","16,292","16,046","16,184","6,189"
06/19/2020,"16,182","16,300","16,060","16,096","3,188"
06/22/2020,"16,201","16,257","16,070","16,128","7,058"
06/23/2020,"16,248","16,720","16,215","16,545","8,053"
06/24/2020,"16,674","16,850","16,537","16,707","4,029"
06/25/2020,"16,675","16,849","16,600","16,778","13,104"
06/26/2020,"16,820","16,922","16,641","16,672","9,729"
06/29/2020,"16,696","16,975","16,576","16,721","7,104"
06/30/2020,"16,810","17,298","16,800","17,178","5,081"
07-01-2020,"17,160","17,179","16,722","16,795","5,888"
07-02-2020,"16,945","16,945","16,670","16,782","3,013"
07-03-2020,"16,925","16,979","16,651","16,690","8,018"
07-06-2020,"16,689","16,841","16,689","16,801","2,379"
07-07-2020,"16,801","16,950","16,724","16,891","2,525"
07-08-2020,"17,000","17,149","16,737","16,799","3,804"
07-09-2020,"16,879","16,961","16,700","16,759","3,261"
07-10-2020,"16,756","16,872","16,637","16,838","1,518"
07/13/2020,"16,830","17,090","16,830","16,968","7,245"
07/14/2020,"16,996","17,106","16,850","16,897","4,179"
07/15/2020,"17,000","17,020","16,750","16,905","3,691"
07/16/2020,"16,907","17,734","16,766","17,464","9,556"
07/17/2020,"17,470","17,620","17,179","17,233","9,263"
07/20/2020,"17,400","17,400","17,072","17,242","5,335"
07/21/2020,"17,477","17,500","17,230","17,284","4,608"
07/22/2020,"17,420","17,431","17,001","17,146","7,526"
07/23/2020,"17,082","17,291","17,054","17,260","3,546"
07/24/2020,"17,257","17,400","16,975","17,231","4,877"
07/27/2020,"17,269","17,400","17,221","17,344","2,715"
07/28/2020,"17,376","17,447","17,025","17,099","5,573"
07/29/2020,"17,099","17,189","16,511","16,582","15,019"
07/30/2020,"16,799","16,799","16,446","16,532","5,200"
07/31/2020,"16,451","16,666","16,433","16,526","9,384"
08-03-2020,"16,530","16,604","16,347","16,518","4,432"
08-04-2020,"16,575","16,640","16,411","16,583","1,929"
08-05-2020,"16,545","16,625","16,460","16,496","8,581"
08-06-2020,"16,501","16,700","16,475","16,671","2,083"
08-07-2020,"16,757","16,893","16,555","16,761","2,506"
08-10-2020,"16,900","16,900","16,643","16,667","1,621"
08-11-2020,"16,667","16,780","16,584","16,621","2,136"
08-12-2020,"16,620","16,620","16,455","16,539","2,508"
08/13/2020,"16,539","16,650","16,462","16,478","1,706"
08/14/2020,"16,478","16,540","16,315","16,356","3,416"
08/17/2020,"16,356","16,521","16,316","16,427","2,197"
08/18/2020,"16,430","16,618","16,320","16,549","4,345"
08/19/2020,"16,675","16,675","16,321","16,349","3,039"
08/20/2020,"16,349","16,349","16,191","16,218","4,726"
08/21/2020,"16,236","16,684","16,236","16,557","9,297"
08/24/2020,"16,560","16,699","16,409","16,536","2,098"
08/25/2020,"16,482","16,482","16,267","16,291","4,445"
08/26/2020,"16,285","16,349","16,171","16,189","6,762"
08/27/2020,"16,190","16,320","16,095","16,111","2,580"
08/28/2020,"16,350","16,366","16,090","16,104","3,846"
08/31/2020,"16,157","16,272","15,880","15,946","7,892"
09-01-2020,"15,951","16,254","15,747","16,191","2,620"
09-02-2020,"16,234","16,251","15,974","15,994","2,622"
09-03-2020,"16,002","16,431","15,923","16,388","8,371"
09-04-2020,"16,280","16,417","16,145","16,231","2,367"
09-07-2020,"16,231","16,510","15,971","16,403","2,778"
09-08-2020,"16,300","16,354","16,100","16,135","2,331"
09-09-2020,"16,002","16,340","16,002","16,313","5,013"
09-10-2020,"16,313","16,440","16,235","16,413","3,495"
09-11-2020,"16,370","16,370","16,195","16,324","1,706"
09/14/2020,"16,335","16,345","16,000","16,066","3,341"
09/15/2020,"16,200","16,200","16,000","16,038","1,964"
09/16/2020,"16,066","16,221","16,066","16,196","3,467"
09/17/2020,"16,240","16,299","16,099","16,122","1,631"
09/18/2020,"16,149","16,248","15,925","16,099","3,117"
09/21/2020,"16,100","16,100","15,156","15,419","10,864"
09/22/2020,"15,495","15,515","15,104","15,203","4,122"
09/23/2020,"15,275","15,400","15,130","15,363","5,400"
09/24/2020,"15,363","15,455","15,181","15,258","2,215"
09/25/2020,"15,300","15,828","15,300","15,734","12,567"
09/28/2020,"16,619","16,619","15,625","15,721","1,398"
09/29/2020,"15,800","15,845","15,578","15,625","2,820"
09/30/2020,"15,690","16,023","15,620","15,925","14,579"
10-01-2020,"16,000","16,043","15,796","15,998","3,079"
10-05-2020,"16,100","16,141","15,825","16,040","1,414"
10-06-2020,"16,100","16,130","15,840","15,875","2,528"
10-07-2020,"15,900","16,133","15,877","16,112","2,633"
10-08-2020,"16,133","16,320","16,073","16,301","1,941"
10-09-2020,"16,380","16,380","15,998","16,045","3,016"
10-12-2020,"16,145","16,145","15,862","15,901","1,953"
10/13/2020,"15,900","15,983","15,655","15,672","1,856"
10/14/2020,"15,673","15,819","15,552","15,669","1,389"
10/15/2020,"15,820","15,820","15,564","15,593","12,132"
10/16/2020,"15,699","15,808","15,390","15,434","2,391"
10/19/2020,"15,588","16,160","15,435","16,090","5,288"
10/20/2020,"16,000","16,422","15,880","16,253","7,878"
10/21/2020,"16,230","16,300","15,956","16,016","5,070"
10/22/2020,"16,000","16,074","15,773","15,911","4,059"
10/23/2020,"15,912","16,066","15,815","15,863","3,205"
10/26/2020,"16,140","16,375","16,054","16,256","10,044"
10/27/2020,"16,490","17,299","16,407","17,233","16,615"
10/28/2020,"17,200","17,295","16,938","17,120","17,513"
10/29/2020,"16,620","17,210","16,620","16,861","5,655"
10/30/2020,"16,925","17,350","16,920","17,163","4,774"
11-02-2020,"17,122","17,359","16,934","17,110","2,808"
11-03-2020,"17,200","17,277","16,558","16,795","5,607"
11-04-2020,"17,100","17,200","16,852","16,996","2,179"
11-05-2020,"17,000","17,400","17,000","17,219","4,301"
11-06-2020,"17,280","17,280","16,908","17,009","2,124"
11-09-2020,"17,270","17,370","16,868","17,315","6,841"
11-10-2020,"17,177","17,330","16,581","16,608","8,721"
11-11-2020,"16,750","16,808","16,459","16,699","6,821"
11-12-2020,"16,750","16,976","16,539","16,730","5,593"
11/13/2020,"16,789","16,887","16,641","16,826","14,586"
11/17/2020,"16,900","17,061","16,847","16,983","5,504"
11/18/2020,"16,950","16,957","16,678","16,866","2,725"
11/19/2020,"16,865","17,199","16,801","16,934","3,906"
11/20/2020,"17,007","17,500","16,934","17,470","9,328"
11/23/2020,"17,550","17,840","17,472","17,791","7,314"
11/24/2020,"17,790","17,950","17,616","17,680","6,641"
11/25/2020,"17,754","17,799","17,325","17,526","12,566"
11/26/2020,"17,490","17,835","17,280","17,753","4,558"
11/27/2020,"17,835","18,040","16,950","17,658","15,247"
12-01-2020,"18,188","18,188","17,350","17,417","4,030"
12-02-2020,"17,539","17,539","17,150","17,266","4,011"
12-03-2020,"17,524","17,524","17,330","17,498","11,620"
12-04-2020,"17,487","17,873","17,487","17,826","6,800"
12-07-2020,"17,730","17,899","17,455","17,560","3,537"
12-08-2020,"17,800","17,800","17,388","17,517","2,247"
12-09-2020,"17,510","17,661","17,492","17,562","1,038"
12-10-2020,"17,567","18,411","17,567","18,364","10,669"
12-11-2020,"18,320","18,458","18,204","18,403","5,095"
12/14/2020,"18,420","18,679","18,304","18,585","8,640"
12/15/2020,"18,500","18,552","18,135","18,192","3,241"
12/16/2020,"18,480","18,725","18,255","18,322","9,613"
12/17/2020,"18,325","18,396","18,156","18,298","2,620"
12/18/2020,"18,394","18,600","18,190","18,347","3,971"
12/21/2020,"18,363","18,525","18,078","18,173","4,572"
12/22/2020,"18,200","18,667","18,001","18,586","4,464"
12/23/2020,"18,505","18,818","18,505","18,723","3,751"
12/24/2020,"18,721","18,821","18,384","18,578","2,584"
12/28/2020,"18,650","18,786","18,523","18,598","3,300"
12/29/2020,"18,666","18,670","18,172","18,269","5,093"
12/30/2020,"18,457","18,460","18,240","18,399","4,588"
12/31/2020,"18,050","18,450","18,050","18,392","2,862"
01-01-2021,"18,380","18,510","18,304","18,451","4,973"
01-04-2021,"18,450","18,572","18,325","18,388","2,966"
01-05-2021,"18,356","18,616","18,284","18,572","4,363"
01-06-2021,"18,500","18,606","18,438","18,511","2,734"
01-07-2021,"18,612","18,621","18,073","18,140","3,028"
01-08-2021,"18,242","18,340","18,002","18,295","3,199"
01-11-2021,"18,418","18,538","18,189","18,393","2,513"
01-12-2021,"18,387","18,395","17,958","18,004","4,281"
01/13/2021,"18,005","18,268","17,962","18,023","5,524"
01/14/2021,"18,000","18,201","18,000","18,129","13,694"
01/15/2021,"18,149","18,238","17,800","17,872","3,233"
01/18/2021,"17,801","18,075","17,567","17,629","6,798"
01/19/2021,"17,650","17,802","17,650","17,756","1,645"
01/20/2021,"17,815","17,938","17,630","17,678","3,080"
01/21/2021,"17,769","17,900","17,660","17,715","2,197"
01/22/2021,"17,999","17,999","17,300","17,580","2,606"
01/25/2021,"17,799","17,799","17,237","17,444","3,715"
01/27/2021,"17,560","17,590","17,345","17,548","2,114"
01/28/2021,"17,401","17,520","17,206","17,375","12,790"
01/29/2021,"17,500","17,500","16,961","17,069","2,118"
02-01-2021,"17,162","17,277","16,996","17,097","3,169"
02-02-2021,"17,211","17,328","16,800","17,189","3,852"
02-03-2021,"17,247","17,284","17,064","17,155","2,270"
02-04-2021,"17,250","17,250","17,055","17,073","13,193"
02-05-2021,"17,244","17,244","17,020","17,123","2,503"
02-08-2021,"17,200","17,280","17,107","17,214","7,122"
02-09-2021,"17,340","17,511","17,164","17,326","2,714"
02-10-2021,"17,397","17,439","17,084","17,168","3,341"
02-11-2021,"17,168","17,442","17,166","17,417","2,025"
02-12-2021,"17,450","17,500","17,241","17,286","3,486"
02/15/2021,"17,290","17,500","17,280","17,485","1,927"
02/16/2021,"17,600","17,635","17,141","17,222","7,901"
02/17/2021,"16,900","16,900","16,360","16,740","28,701"
02/18/2021,"17,050","17,050","16,307","16,374","13,711"
02/19/2021,"16,395","16,478","16,214","16,386","5,777"
02/22/2021,"16,400","16,531","16,025","16,099","9,051"
02/23/2021,"16,123","16,250","16,003","16,165","6,261"
02/24/2021,"16,249","16,800","15,900","16,352","18,013"
02/25/2021,"16,395","16,395","16,102","16,114","18,735"
02/26/2021,"16,075","16,287","16,010","16,098","13,733"
03-01-2021,"16,275","16,360","16,091","16,288","4,590"
03-02-2021,"16,399","16,632","16,290","16,572","3,793"
03-03-2021,"16,780","16,780","16,553","16,695","2,047"
03-04-2021,"16,790","16,790","16,450","16,649","11,982"
03-05-2021,"16,405","16,837","16,405","16,774","3,226"
03-08-2021,"16,780","16,888","16,631","16,851","5,726"
03-09-2021,"16,900","16,930","16,660","16,899","1,759"
03-10-2021,"16,913","16,999","16,785","16,937","5,417"
03-12-2021,"16,850","16,990","16,649","16,766","7,614"
03/15/2021,"16,767","16,860","16,596","16,831","4,273"
03/16/2021,"16,850","17,031","16,690","16,749","3,315"
03/17/2021,"16,749","16,749","16,350","16,458","7,288"
03/18/2021,"16,458","16,625","16,173","16,203","4,961"
03/19/2021,"16,202","16,590","16,075","16,444","6,378"
03/22/2021,"16,415","16,673","16,350","16,594","2,728"
03/23/2021,"16,599","16,748","16,499","16,694","8,275"
03/24/2021,"16,600","16,762","16,409","16,453","4,073"
03/25/2021,"16,493","16,583","16,116","16,174","4,206"
03/26/2021,"16,398","16,600","16,251","16,568","4,096"
03/30/2021,"16,570","17,218","16,570","17,114","5,227"
03/31/2021,"17,135","17,261","16,953","17,170","5,052"
04-01-2021,"17,105","17,143","16,969","17,102","3,554"
04-05-2021,"17,125","17,150","16,722","16,909","8,833"
04-06-2021,"16,936","17,111","16,820","17,078","2,895"
04-07-2021,"17,080","17,864","17,050","17,421","5,029"
04-08-2021,"17,421","17,750","17,322","17,668","21,342"
04-09-2021,"17,555","17,848","17,518","17,581","2,037"
04-12-2021,"17,401","17,621","17,342","17,496","2,886"
04/13/2021,"17,450","17,597","17,040","17,162","1,729"
04/15/2021,"17,490","17,490","16,775","16,872","2,712"
04/16/2021,"17,000","17,328","16,870","17,238","1,743"
04/19/2021,"17,240","17,240","16,952","17,090","1,282"
04/20/2021,"17,302","17,372","16,886","17,086","3,872"
04/22/2021,"17,199","17,199","16,553","16,779","11,575"
04/23/2021,"16,850","16,850","16,580","16,624","3,178"
04/26/2021,"16,800","16,888","16,700","16,866","1,948"
04/27/2021,"16,870","16,910","16,755","16,783","1,609"
04/28/2021,"16,849","16,849","16,601","16,622","23,031"
04/29/2021,"16,697","16,710","16,490","16,507","2,328"
04/30/2021,"16,510","16,568","16,271","16,311","4,122"
05-03-2021,"16,352","16,570","16,267","16,501","3,965"
05-04-2021,"16,565","16,628","16,392","16,538","2,003"
05-05-2021,"16,585","16,602","16,458","16,550",792
05-06-2021,"16,588","16,767","16,561","16,727","3,968"
05-07-2021,"16,780","16,795","16,660","16,754","2,470"
05-10-2021,"16,767","16,844","16,674","16,764","1,989"
05-11-2021,"16,760","16,946","16,707","16,871","1,340"
05-12-2021,"16,940","16,940","16,621","16,714","2,318"
05/14/2021,"16,750","17,250","16,714","17,218","3,356"
05/17/2021,"17,250","17,281","17,004","17,037","1,725"
05/18/2021,"17,035","17,249","17,035","17,174","1,630"
05/19/2021,"17,200","17,468","17,200","17,444","2,757"
05/20/2021,"17,480","17,500","17,218","17,277","2,147"
05/21/2021,"17,350","17,550","17,279","17,492","1,872"
05/24/2021,"17,450","17,578","17,310","17,376","2,585"
05/25/2021,"17,510","17,750","17,450","17,529","4,951"
05/26/2021,"17,525","17,590","17,370","17,527","2,091"
05/27/2021,"17,530","17,894","17,431","17,773","1,471"
05/28/2021,"17,620","17,829","17,476","17,508","2,812"
05/31/2021,"17,510","17,741","17,421","17,693","1,861"
06-01-2021,"17,600","17,800","17,500","17,766","1,969"
06-02-2021,"17,634","17,808","17,520","17,646","3,155"
06-03-2021,"17,670","17,850","17,557","17,796","1,304"
06-04-2021,"17,640","17,684","17,387","17,445","9,003"
06-07-2021,"17,450","17,588","17,350","17,532","3,648"
06-08-2021,"17,535","17,616","17,415","17,488","1,347"
06-09-2021,"17,489","17,612","17,436","17,562","2,309"
06-10-2021,"17,562","17,670","17,486","17,547","2,369"
06-11-2021,"17,600","17,600","17,369","17,543","1,613"
06/14/2021,"17,495","17,626","17,411","17,575","2,727"
06/15/2021,"17,698","17,710","17,518","17,680","15,162"
06/16/2021,"17,700","18,052","17,600","17,972","4,830"
06/17/2021,"17,972","18,175","17,896","18,054","5,327"
06/18/2021,"18,048","18,076","17,600","17,678","3,298"
06/21/2021,"17,650","17,693","17,513","17,643","3,170"
06/22/2021,"17,799","17,799","17,415","17,451","2,315"
06/23/2021,"17,500","17,553","17,367","17,406","16,777"
06/24/2021,"17,450","17,670","17,334","17,596","2,735"
06/25/2021,"17,600","17,651","17,440","17,502","1,036"
06/28/2021,"17,505","17,611","17,469","17,508",654
06/29/2021,"17,570","17,720","17,502","17,579","3,017"
06/30/2021,"17,650","17,746","17,576","17,677","1,441"
07-01-2021,"17,765","17,765","17,575","17,642","1,194"
07-02-2021,"17,642","17,642","17,497","17,603",798
07-05-2021,"17,685","17,706","17,531","17,635","1,282"
07-06-2021,"17,601","17,606","17,425","17,490","1,643"
07-07-2021,"17,522","17,776","17,362","17,715","3,568"
07-08-2021,"17,600","17,684","17,545","17,619",635
07-09-2021,"17,620","17,669","17,558","17,641","1,630"
07-12-2021,"17,631","17,725","17,574","17,645","16,969"
07/13/2021,"17,650","17,727","17,625","17,674","1,549"
07/14/2021,"17,720","17,720","17,509","17,536",884
07/15/2021,"17,550","17,650","17,448","17,619","1,291"
07/16/2021,"17,698","17,715","17,550","17,650",623
07/19/2021,"17,575","17,849","17,575","17,749","17,252"
07/20/2021,"17,799","17,898","17,710","17,829","1,428"
07/22/2021,"17,895","18,026","17,724","17,995","2,935"
07/23/2021,"17,999","18,218","17,891","18,123","3,224"
07/26/2021,"18,000","18,174","18,000","18,078","1,257"
07/27/2021,"18,000","18,447","17,979","18,238","2,511"
07/28/2021,"18,338","18,338","17,900","18,013","4,804"
07/29/2021,"17,967","18,156","17,796","17,910","2,547"
07/30/2021,"17,914","17,933","17,665","17,703","1,799"
08-02-2021,"17,703","17,900","17,675","17,709","1,649"
08-03-2021,"17,735","18,409","17,666","18,288","2,854"
08-04-2021,"18,320","18,336","18,010","18,051","1,965"
08-05-2021,"18,180","18,280","18,000","18,214","1,366"
08-06-2021,"18,280","18,280","17,988","18,095","2,551"
08-09-2021,"18,150","18,228","18,022","18,197","1,477"
08-10-2021,"18,311","18,360","18,089","18,278","1,016"
08-11-2021,"18,250","18,277","18,025","18,164","1,190"
08-12-2021,"18,139","18,235","18,073","18,137",923
08/13/2021,"18,137","18,281","18,137","18,268","1,408"
08/16/2021,"18,250","18,488","18,216","18,297","1,161"
08/17/2021,"18,300","18,790","18,300","18,730","3,796"
08/18/2021,"18,730","18,958","18,730","18,910","1,298"
08/20/2021,"18,690","19,632","18,599","19,553","4,132"
08/23/2021,"19,700","20,084","19,556","20,017","4,153"
08/24/2021,"20,080","20,144","19,667","19,785","3,061"
08/25/2021,"19,810","20,334","19,810","19,907","4,279"
08/26/2021,"19,999","20,113","19,816","20,047","1,740"
08/27/2021,"20,150","20,150","19,915","19,954",832
08/30/2021,"20,000","20,092","19,701","19,764","1,880"
08/31/2021,"19,800","19,831","19,352","19,458","4,899"
09-01-2021,"19,798","19,883","19,581","19,833","2,275"
09-02-2021,"19,801","20,285","19,774","20,242","3,305"
09-03-2021,"20,255","20,333","20,103","20,260","1,811"
09-06-2021,"20,265","20,347","20,170","20,209","1,250"
09-07-2021,"20,250","20,397","20,218","20,373","1,531"
09-08-2021,"20,370","20,518","19,784","19,877","4,485"
09-09-2021,"19,940","20,527","19,850","20,439","8,650"
09/13/2021,"20,400","20,500","20,244","20,435","1,203"
09/14/2021,"20,452","20,600","20,179","20,232","1,347"
09/15/2021,"20,400","20,400","20,090","20,118","1,239"
09/16/2021,"20,259","20,259","19,976","20,044","1,697"
09/17/2021,"20,240","20,287","20,098","20,179","2,696"
09/20/2021,"20,199","20,390","20,110","20,312","2,192"
09/21/2021,"20,350","20,350","20,025","20,152",888
09/22/2021,"20,153","20,153","19,850","19,930","5,499"
09/23/2021,"20,129","20,129","19,815","19,842","33,471"
09/24/2021,"19,855","19,980","19,791","19,892","2,694"
09/27/2021,"19,850","19,900","19,620","19,657","3,141"
09/28/2021,"19,697","19,714","19,480","19,555","2,073"
09/29/2021,"19,480","19,704","19,424","19,472","4,908"
09/30/2021,"19,619","19,619","19,320","19,451",836
10-01-2021,"19,475","19,640","19,245","19,554","1,601"
10-04-2021,"19,550","19,645","19,399","19,495","1,782"
10-05-2021,"19,662","19,662","19,350","19,400",755
10-06-2021,"19,400","19,620","19,080","19,172","2,508"
10-07-2021,"19,201","19,299","18,998","19,050","2,046"
10-08-2021,"18,998","19,161","18,945","18,996","2,721"
10-11-2021,"18,999","19,198","18,999","19,073","34,097"
10-12-2021,"19,099","19,440","18,991","19,415","11,039"
10/13/2021,"19,480","19,480","19,221","19,319","8,066"
10/14/2021,"19,500","19,500","19,227","19,320","1,134"
10/18/2021,"19,501","19,600","19,211","19,427","2,166"
10/19/2021,"19,545","19,734","19,285","19,378","2,424"
10/20/2021,"19,499","20,200","19,054","19,274","42,939"
10/21/2021,"19,549","19,549","19,060","19,247","1,369"
10/22/2021,"19,445","19,445","18,850","19,010","2,928"
10/25/2021,"18,950","19,010","18,611","18,692","3,363"
10/26/2021,"18,799","19,274","18,638","19,214","2,139"
10/27/2021,"19,218","19,415","18,911","19,004","1,628"
10/28/2021,"19,077","19,100","18,861","18,997",767
10/29/2021,"19,090","19,107","18,763","19,002","2,057"
11-01-2021,"19,100","19,100","18,742","18,957","1,325"
11-02-2021,"18,870","19,026","18,709","18,774","1,953"
11-03-2021,"18,890","18,890","18,569","18,727","1,557"
11-04-2021,"18,915","18,948","18,850","18,896",381
11-08-2021,"18,970","19,086","18,678","19,050","2,052"
11-09-2021,"19,070","19,070","18,800","18,915","1,811"
11-10-2021,"18,940","19,031","18,803","18,954",808
11-11-2021,"18,949","18,949","18,674","18,881","1,698"
11-12-2021,"18,817","19,250","18,817","19,135","2,551"
11/15/2021,"19,211","19,499","19,089","19,425","3,297"
11/16/2021,"19,352","19,589","19,332","19,463",998
11/17/2021,"19,404","19,560","19,371","19,462","1,126"
11/18/2021,"19,158","19,471","19,158","19,400",767
11/22/2021,"19,400","19,500","18,850","19,006","1,085"
11/23/2021,"19,100","19,246","18,893","19,164","1,167"
11/24/2021,"19,105","19,500","18,948","19,105",869
11/25/2021,"18,953","19,211","18,925","19,188","1,110"
11/26/2021,"19,149","19,430","18,987","19,210","4,503"
11/29/2021,"19,170","19,170","18,802","19,006","1,832"
11/30/2021,"19,099","19,417","18,972","19,159","5,073"
12-01-2021,"19,258","19,438","19,183","19,389","1,572"
12-02-2021,"19,440","19,640","19,230","19,504","4,892"
12-03-2021,"19,400","19,439","19,136","19,305","3,084"
12-06-2021,"19,480","19,480","18,925","18,993","1,962"
12-07-2021,"19,207","19,430","18,972","19,336","10,791"
12-08-2021,"19,360","19,510","19,311","19,476","5,141"
12-09-2021,"19,532","19,555","19,175","19,283","1,645"
12-10-2021,"19,299","19,312","19,039","19,273","2,918"
12/13/2021,"19,260","19,348","18,926","19,002","2,673"
12/14/2021,"18,926","19,314","18,925","19,198","1,599"
12/15/2021,"19,198","19,300","19,048","19,151","1,027"
12/16/2021,"19,151","19,329","19,130","19,269",943
12/17/2021,"19,080","19,226","19,001","19,056","1,531"
12/20/2021,"19,075","19,254","18,606","18,894","1,988"
12/21/2021,"19,080","19,271","18,903","19,228","1,359"
12/22/2021,"19,155","19,332","19,020","19,184","1,482"
12/23/2021,"19,238","19,296","19,158","19,207",661
12/24/2021,"19,214","19,425","19,171","19,218","1,054"
12/27/2021,"19,200","19,385","19,107","19,306",536
12/28/2021,"19,332","19,467","19,253","19,353","1,060"
12/29/2021,"19,399","19,450","19,266","19,404","2,847"
12/30/2021,"19,405","19,582","19,324","19,400","1,308"
12/31/2021,"19,400","19,795","19,362","19,709",929
01-03-2022,"19,601","19,800","19,601","19,671","1,563"
01-04-2022,"19,700","19,940","19,645","19,879","1,057"
01-05-2022,"19,999","20,025","19,867","19,925",664
01-06-2022,"19,844","19,910","19,548","19,648",564
01-07-2022,"19,680","19,953","19,596","19,924","1,412"
01-10-2022,"19,924","19,925","19,687","19,707","1,106"
01-11-2022,"19,600","19,823","19,600","19,776",592
01-12-2022,"19,778","19,843","19,655","19,700",700
01/13/2022,"19,702","19,742","19,605","19,677",634
01/14/2022,"19,757","19,757","19,273","19,410","1,241"
01/17/2022,"19,410","19,525","19,128","19,329","1,573"
01/18/2022,"19,300","19,430","19,191","19,371",759
01/19/2022,"19,369","19,426","18,671","18,903","1,509"
01/20/2022,"18,932","19,075","18,618","18,759","2,171"
01/21/2022,"18,750","19,041","18,620","18,959","9,857"
01/24/2022,"19,000","19,037","18,607","18,710","2,273"
01/25/2022,"18,719","18,860","18,319","18,795","1,242"
01/27/2022,"18,420","18,582","18,224","18,392","2,710"
01/28/2022,"18,410","18,650","18,331","18,377","1,287"
01/31/2022,"18,550","18,629","18,440","18,528",799
02-01-2022,"18,725","18,771","18,423","18,663","1,219"
02-02-2022,"18,750","18,818","18,450","18,494","1,689"
02-03-2022,"18,500","18,544","18,250","18,312","1,052"
02-04-2022,"18,474","18,474","18,190","18,330","1,345"
02-07-2022,"18,450","18,450","17,910","18,092","2,618"
02-08-2022,"18,100","18,135","17,988","18,082","1,077"
02-09-2022,"18,135","18,232","18,035","18,127",961
02-10-2022,"18,140","18,200","18,018","18,098",576
02-11-2022,"18,059","18,120","17,630","17,815","2,313"
02/14/2022,"17,550","17,805","17,424","17,664","2,661"
02/15/2022,"17,664","18,316","17,571","18,181","2,150"
02/16/2022,"18,188","18,398","18,049","18,244",875
02/17/2022,"18,305","18,573","17,969","18,085","12,218"
02/18/2022,"17,582","18,216","17,582","18,059","5,732"
02/21/2022,"17,901","18,163","17,827","18,090","1,127"
02/22/2022,"17,999","18,141","17,783","18,091",840
02/23/2022,"18,266","18,266","17,865","17,949","1,182"
02/24/2022,"17,730","17,953","17,554","17,728","4,138"
02/25/2022,"17,728","17,901","17,585","17,707","3,015"
02/28/2022,"17,680","17,758","17,329","17,603","2,298"
03-02-2022,"17,660","17,878","17,467","17,840","1,046"
03-03-2022,"17,927","17,927","17,403","17,451","1,341"
03-04-2022,"17,332","17,551","17,025","17,390","1,850"
03-07-2022,"17,394","17,408","17,049","17,343","8,448"
03-08-2022,"17,225","17,518","16,975","17,300","2,638"
03-09-2022,"17,350","17,350","17,070","17,147","10,870"
03-10-2022,"17,250","17,687","17,247","17,634","2,061"
03-11-2022,"17,664","17,664","17,235","17,323","4,352"
03/14/2022,"17,448","17,448","17,154","17,377","1,111"
03/15/2022,"17,449","17,550","17,259","17,476","1,616"
03/16/2022,"17,500","17,865","17,471","17,804","2,925"
03/17/2022,"17,804","18,362","17,804","18,269","1,208"
03/21/2022,"18,495","18,495","17,805","17,860","1,481"
03/22/2022,"17,815","17,815","17,260","17,416","4,035"
03/23/2022,"17,498","17,544","17,305","17,349","1,177"
03/24/2022,"17,399","17,494","17,256","17,393","1,275"
03/25/2022,"17,375","17,375","17,075","17,177","1,638"
03/28/2022,"17,170","17,281","16,791","16,863","5,347"
03/29/2022,"16,866","16,998","16,823","16,923","3,006"
03/30/2022,"17,050","17,338","17,050","17,296","3,028"
03/31/2022,"17,296","17,428","17,209","17,377","1,232"
04-01-2022,"17,340","17,608","17,250","17,545","1,655"
04-04-2022,"17,646","17,868","17,461","17,782","1,370"
04-05-2022,"17,849","18,050","17,739","18,015",964
